"","game_id_string","year_released","romhack","number_platforms","genre","developer","publisher","discord","require_video","emulators_allowed","number_of_runs"
"1","2685e76p","2012","FALSE","4","pl2ke21x","4ep80o6r","z6qzq769","TRUE","TRUE","FALSE","397"
"2","2685n56p","2010","TRUE","1",NA,NA,NA,"TRUE","TRUE","FALSE","168"
"3","2685v96p","1999","FALSE","3","o75mrgn3","5k62lozx","kd6jyg6p","TRUE","TRUE","TRUE","146"
"4","2687w5dp","1994","FALSE","1","yq5wvrng",NA,NA,"TRUE","TRUE","TRUE","47"
"5","2689591p","2013","FALSE","2","p92dvm2l","4zwww0zk","kr21qvne","TRUE","TRUE","FALSE","2946"
"6","268e25y6","2019","FALSE","3",NA,"nerlp1ej","93nkme6w","TRUE","TRUE","TRUE","31"
"7","268e2gk6","2019","FALSE","1","92ddpm2l","rzjgkozl",NA,"TRUE","TRUE","TRUE","83"
"8","268e4r56","2006","FALSE","1","qdnqkn8k","qe5lgk6v","4np8y2rl","TRUE","TRUE","TRUE","7"
"9","268e7n76","2007","FALSE","3",NA,NA,NA,"TRUE","TRUE","TRUE","1359"
"10","268e9oo6","2011","FALSE","3","q5w4wmng","ne4d11em","qkr23j6e","TRUE","FALSE","TRUE","716"
"11","268ekxy6","2019","FALSE","4","qdnqkn8k","yz8013ew","3nk0vxrw","TRUE","TRUE","TRUE","2843"
"12","268erm76","2020","TRUE","1",NA,NA,NA,"TRUE","TRUE","FALSE","22"
"13","268ex4o6","2018","FALSE","3",NA,"myzo72eq","qkr2jne4","TRUE","TRUE","FALSE","869"
"14","268exwy6","2019","TRUE","8",NA,NA,NA,"TRUE","TRUE","FALSE","147"
"15","268ml5dp","1989","FALSE","3",NA,NA,NA,"TRUE","TRUE","TRUE","33"
"16","268n096p","2016","FALSE","4","wr2l1n7p","qleqypzw","8060dpnl","TRUE","TRUE","TRUE","306"
"17","268nj56p","2003","FALSE","3",NA,NA,NA,"TRUE","TRUE","TRUE","39"
"18","268q8o6p","2017","FALSE","2","wr2l8p57","ge0k43zp","krykz56v","TRUE","TRUE","TRUE","4681"
"19","268vgkdp","2003","FALSE","10",NA,NA,NA,"TRUE","TRUE","TRUE","448"
"20","268weko6","2021","TRUE","3","qdnqkn8k","nzmj17z0",NA,"TRUE","TRUE","TRUE","1747"
"21","268wlo6p","2014","FALSE","3","o75mg539","p6xm72z1","93nkpq6w","TRUE","TRUE","TRUE","547"
"22","268wv4k6","2022","TRUE","1","qdnqekn8","p6x95561","dnlm49rl","TRUE","TRUE","TRUE","197"
"23","268yl7dp","2017","FALSE","1",NA,NA,NA,"FALSE","TRUE","TRUE","51"
"24","268zok6p","2011","FALSE","5","el286onr","nw63pmzx","8060zyrl","TRUE","TRUE","FALSE","168"
"25","29d30dlp","2002","FALSE","5","61n9q2m0","l4epp3er","w4np8drl","TRUE","TRUE","TRUE","3946"
"26","29d30ydl","2001","FALSE","3","oq27w1nl","3nerml6j","8060ynlv","TRUE","FALSE","TRUE","119"
"27","369530dl","2010","FALSE","1",NA,"nergn16j",NA,"TRUE","FALSE","TRUE","407"
"28","3695w2dl","1985","FALSE","4",NA,"mznd4d6r","m0rvylrx","TRUE","TRUE","TRUE","211"
"29","3697n81l","1998","FALSE","2","p92d9z5l","ner01oej","0rvy1lrx","TRUE","TRUE","TRUE","296"
"30","3697y21l","2015","FALSE","7",NA,"l4ep47er",NA,"TRUE","TRUE","TRUE","317"
"31","3698ngdl","2014","FALSE","1",NA,"3zyqrde4",NA,"TRUE","FALSE","TRUE","879"
"32","3698wngd","2021","FALSE","7","q27wpxnl","ge02pxzp","9nellqr5","TRUE","TRUE","TRUE","142"
"33","369e88dl","2015","FALSE","1",NA,NA,NA,"TRUE","TRUE","TRUE","296"
"34","369g901l","2006","FALSE","5","vx5ey1n4","yz8n52zw","w4npw2rl","TRUE","FALSE","TRUE","137"
"35","369p7el1","2018","TRUE","5","oy5gp5e3","p6x1q7z1","l6m8jgn9","TRUE","TRUE","FALSE","700"
"36","369p9231","2019","FALSE","1","94n4pn0w","3zyw2ve4","060d1ynl","TRUE","TRUE","TRUE","311"
"37","369p9l1l","2002","FALSE","2","oq27y12l","xv6dvx62","m0rvylrx","TRUE","TRUE","FALSE","516"
"38","369p9o21","2014","TRUE","6","y72yd2do","neryk16j",NA,"TRUE","TRUE","TRUE","2363"
"39","369pky81","2012","TRUE","9",NA,"yzom2keq",NA,"TRUE","TRUE","TRUE","1317"
"40","369pm331","1998","TRUE","4",NA,NA,NA,"TRUE","TRUE","TRUE","404"
"41","369pp381","2017","TRUE","2","7d5owlnw","rzjvw1zl","m0rvylrx","TRUE","TRUE","FALSE","1659"
"42","369pqq31","2018","TRUE","8","1g2z0wnl","yge0m26p","5p6z2l63","TRUE","TRUE","FALSE","107"
"43","369prm21","2020","FALSE","1","qdnqkn8k",NA,"kry97env","TRUE","TRUE","FALSE","49"
"44","369pyw31","2018","FALSE","4","4n4mqjn0","p6x1dkz1","dnlxg4nl","TRUE","TRUE","TRUE","28"
"45","369v401l","2003","FALSE","5","qdnqkn8k","81e792z7","k564lgrw","TRUE","TRUE","TRUE","403"
"46","369vyg1l","2015","FALSE","7","qdnqekn8","y4zwm26k","z6qqqg69","TRUE","TRUE","TRUE","115"
"47","369wk8dl","1984","FALSE","1","yq5wkm5g",NA,NA,"TRUE","TRUE","TRUE","206"
"48","3dx23z51","1998","TRUE","2","pm21pl24","7pe143eo","93nkqxnw","TRUE","FALSE","TRUE","61"
"49","3dx28w41","2004","TRUE","4","oy5goxne","4ep8y76r","19nex7r5","TRUE","TRUE","FALSE","375"
"50","3dx29qg1","2016","FALSE","0",NA,NA,NA,"TRUE","TRUE","TRUE","95"
"51","3dx2lw41","2018","FALSE","5","g2zoqwnl","1zkmv26j","gnozop6o","TRUE","TRUE","FALSE","855"
"52","3dx2oz41","2016","TRUE","4",NA,"k62d97ex",NA,"TRUE","TRUE","TRUE","436"
"53","3dx2pk41","2020","TRUE","3",NA,NA,NA,"TRUE","TRUE","TRUE","299"
"54","3dx2w9y1","2021","FALSE","7","oy5gp5e3","rzj2yoel","emr5eryo","TRUE","TRUE","FALSE","309"
"55","3dx2zvp1","2017","FALSE","2","jp23ox26","1e779ke7",NA,"TRUE","TRUE","TRUE","162"
"56","3dx3yydy","2011","FALSE","10","9rnvvrnq","ynzmy5z0","5p6zpr3w","TRUE","TRUE","FALSE","538"
"57","3dx57v1y","2014","FALSE","9",NA,NA,NA,"TRUE","TRUE","FALSE","310"
"58","3dx5pp1y","2012","TRUE","1",NA,NA,NA,"TRUE","TRUE","FALSE","26"
"59","3dx94ydy","2005","FALSE","3","y72yd2do","4nel5vz2","p6zd0yr3","TRUE","TRUE","TRUE","143"
"60","3dxe951y","2016","TRUE","3",NA,NA,NA,"TRUE","TRUE","TRUE","2538"
"61","3dxk35v1","2021","FALSE","1","650k9xnm","k62ov7zx","93nkd06w","TRUE","TRUE","TRUE","151"
"62","3dxk7p1y","1999","FALSE","3",NA,NA,NA,"TRUE","TRUE","TRUE","437"
"63","3dxkz0v1","2021","FALSE","1",NA,NA,NA,"TRUE","FALSE","FALSE","3928"
"64","3dxl5ydy","2010","FALSE","2","wr2l6127","rzj7vpzl","krx29kn9","TRUE","TRUE","TRUE","615"
"65","3dxqnp1y","2014","FALSE","7",NA,NA,NA,"TRUE","FALSE","TRUE","40"
"66","3dxz351y","2012","FALSE","7","9rnvvrnq","l4eprzro","kd6jv6p0","TRUE","TRUE","FALSE","1383"
"67","3dxz7p1y","2006","FALSE","4",NA,NA,NA,"TRUE","FALSE","TRUE","3953"
"68","3dxzjy1y","1995","FALSE","3","1n90pvnm","myzo3pzq","k564wnw1","TRUE","TRUE","TRUE","365"
"69","46w0n91r","2017","FALSE","1","wr2l1n7p","xv6dvx62",NA,"TRUE","FALSE","FALSE","10000"
"70","46w0rn1r","2013","FALSE","3",NA,NA,NA,"TRUE","FALSE","TRUE","184"
"71","46w23p96","2021","TRUE","1","qdnqkn8k",NA,NA,"TRUE","TRUE","TRUE","73"
"72","46w29l6r","2008","FALSE","6","qdnqekn8","pe1n236o","8060ynlv","TRUE","TRUE","FALSE","214"
"73","46w2l76r","1990","FALSE","5",NA,NA,NA,"TRUE","TRUE","TRUE","1220"
"74","46w2wo76","2022","FALSE","1",NA,NA,NA,"TRUE","TRUE","TRUE","940"
"75","46w305q1","2020","FALSE","1","r2rok62z","4eprl3zr","dq6djl6z","TRUE","TRUE","FALSE","757"
"76","46w33031","2001","TRUE","2","9rnvvrnq","leqml3zw","m0rvylrx","TRUE","FALSE","TRUE","501"
"77","46w33ln1","2017","FALSE","3","qdnqekn8","y4zwm26k","z6qqqg69","TRUE","TRUE","FALSE","160"
"78","46w33n31","2007","FALSE","1","oy5gwd2e","ge001xep","2n95d56x","TRUE","TRUE","FALSE","142"
"79","46w33wn1","2018","FALSE","6","94n4pn0w","myzo3pzq","k564wnw1","TRUE","FALSE","FALSE","4887"
"80","46w382n1","2012","FALSE","2",NA,NA,NA,"TRUE","TRUE","TRUE","1285"
"81","46w3831r","1990","FALSE","1","qdnqkn8k","myzo3pzq","k564wnw1","TRUE","TRUE","TRUE","157"
"82","46w38791","2020","FALSE","1",NA,NA,NA,"TRUE","TRUE","FALSE","43"
"83","46w38g91","2019","FALSE","1",NA,NA,NA,"TRUE","TRUE","FALSE","115"
"84","46w38o31","2019","FALSE","2","qdnqkn8k",NA,NA,"TRUE","TRUE","TRUE","397"
"85","46w39on1","2018","FALSE","1","el28onrz","yz8jk96w","m0rvylrx","TRUE","FALSE","FALSE","385"
"86","46w3j571","2008","TRUE","3","wr2l1n7p","leqml3zw","m0rvylrx","TRUE","FALSE","FALSE","947"
"87","46w3jon1","2017","FALSE","6","4n4ezd50","w63n5mex","lkryl5nv","TRUE","TRUE","TRUE","584"
"88","46w3ln1r","2013","FALSE","1","y72yd2do","rzj0016l","m0rvjerx","TRUE","FALSE","FALSE","801"
"89","46w3ovl1","2019","FALSE","8","qdnqekn8","4zww9qzk","z6qqqg69","TRUE","TRUE","FALSE","288"
"90","46w3w331","2019","FALSE","9","pm211l24","myzo3pzq","k564wnw1","TRUE","TRUE","FALSE","1017"
"91","46w3xjq1","2009","TRUE","3",NA,NA,NA,"TRUE","TRUE","TRUE","186"
"92","46w5r96r","2003","FALSE","7",NA,NA,NA,"TRUE","TRUE","TRUE","103"
"93","46w8k76r","1989","FALSE","2","el28onrz","ner0y5ej","gxrw5lrl","TRUE","TRUE","TRUE","77"
"94","46we0q6r","2006","FALSE","6",NA,"4nel1l62","krx1pp69","TRUE","TRUE","TRUE","107"
"95","46wez36r","2010","FALSE","5","m65jxlnk","2p6xmxz1","4dnll7nl","TRUE","TRUE","FALSE","48"
"96","46wj4ndr","2004","FALSE","1",NA,NA,NA,"TRUE","FALSE","TRUE","198"
"97","46wjv7dr","2007","TRUE","1",NA,NA,NA,"TRUE","TRUE","TRUE","154"
"98","46wlwl1r","1997","FALSE","9","y45xk8nd","dv69qnex","2l6mj69e","TRUE","TRUE","TRUE","1221"
"99","46wnl36r","1997","FALSE","3","y72yd2do","dv694xzx","emr5o86y","TRUE","TRUE","TRUE","77"
"100","46wr391r","1988","FALSE","6",NA,"2jevn26k","2l6mj69e","TRUE","TRUE","TRUE","1285"
"101","46wron1r","2012","FALSE","6","y72yd2do","1zk90nej",NA,"TRUE","TRUE","TRUE","83"
"102","46wryl1r","2013","FALSE","6","oq27412l","yz834xew","0rv1eerx","TRUE","TRUE","FALSE","368"
"103","46ww476r","2015","TRUE","4","wr2l1n7p","qleqn3ew","2l6mwjn9","TRUE","TRUE","FALSE","685"
"104","46wy8qdr","2004","FALSE","5","wr2l1n7p","yzo3opzq","8060ynlv","TRUE","TRUE","TRUE","966"
"105","4d705g17","2013","TRUE","1",NA,NA,NA,"TRUE","FALSE","TRUE","73"
"106","4d70zr17","2002","FALSE","3","9rnvvrnq","3zyl9164","m0rvylrx","TRUE","FALSE","TRUE","1320"
"107","4d73kz17","2002","FALSE","2","wr2l1n7p","yzo3opzq","8060ynlv","TRUE","TRUE","TRUE","170"
"108","4d743rd7","2011","TRUE","1",NA,NA,NA,"TRUE","TRUE","FALSE","54"
"109","4d74qgd7","2014","FALSE","7","qdnqekn8","y4zwm26k","z6qqqg69","TRUE","TRUE","TRUE","282"
"110","4d74xld7","2007","FALSE","1",NA,NA,NA,"TRUE","FALSE","FALSE","608"
"111","4d7902z1","2017","FALSE","2","el28onrz","qe5pkpzv","yzr1vgr8","TRUE","TRUE","TRUE","82"
"112","4d790nl1","2018","FALSE","1",NA,NA,NA,"TRUE","TRUE","FALSE","176"
"113","4d792331","2020","TRUE","3",NA,NA,NA,"TRUE","TRUE","TRUE","664"
"114","4d794qg1","2009","TRUE","7",NA,"3zy24je4",NA,"TRUE","TRUE","TRUE","1014"
"115","4d79l431","2012","TRUE","1","vx5e77n4","nzml5v60","1ng08o6l","TRUE","TRUE","FALSE","175"
"116","4d79mmr1","2019","FALSE","1",NA,NA,NA,"TRUE","TRUE","TRUE","625"
"117","4d7gyld7","1977","FALSE","1","mr2rk65z","mznx2ler","q6dwzwnz","TRUE","FALSE","TRUE","78"
"118","4d7nw367","1995","FALSE","5","qdnqekn8","ge0ny3zp",NA,"TRUE","TRUE","TRUE","365"
"119","4d7nzg67","2014","FALSE","4",NA,NA,NA,"TRUE","TRUE","FALSE","1407"
"120","4d7o0317","2013","TRUE","1",NA,"leqm52zw","19ne5jn5","TRUE","TRUE","FALSE","21"
"121","4d7onz17","2016","FALSE","4","qdnqkn8k","1e778le7","1z6qeq69","TRUE","TRUE","TRUE","878"
"122","4d7p4rd7","2015","FALSE","6","9rnvvrnq","2jevm2ek","8060zyrl","TRUE","TRUE","FALSE","1136"
"123","4d7rjl17","2017","TRUE","5","o75mg539","4epyj9er","m0rv38nx","TRUE","TRUE","FALSE","699"
"124","4d7y5zd7","2017","FALSE","7","m65jk2k0","4ep8y76r","dnllzgnl","TRUE","TRUE","FALSE","2542"
"125","4d7znl67","2003","FALSE","6",NA,NA,NA,"TRUE","TRUE","TRUE","152"
"126","4pd00lde","2004","FALSE","5",NA,NA,NA,"TRUE","TRUE","TRUE","568"
"127","4pd03de5","1994","FALSE","6","qdnqkn8k","5mzn8lzr","m0rvylrx","TRUE","FALSE","TRUE","1957"
"128","4pd05v1e","2003","FALSE","6",NA,NA,NA,"TRUE","TRUE","TRUE","152"
"129","4pd0k21e","2002","FALSE","8","jp23x26k",NA,NA,"TRUE","TRUE","FALSE","2265"
"130","4pdver6w","2007","FALSE","9","jp23x26k",NA,NA,"TRUE","TRUE","FALSE","1929"
"131","4pdvgodw","2003","FALSE","1",NA,NA,NA,"TRUE","FALSE","TRUE","2946"
"132","576rzld8","2002","FALSE","4",NA,NA,NA,"TRUE","FALSE","TRUE","1146"
"133","76r35l68","2012","FALSE","9","pm21pl24","l1zkdo6j","w4npp2nl","TRUE","TRUE","FALSE","1229"
"134","76r3lrq6","2021","TRUE","3",NA,NA,NA,"TRUE","TRUE","TRUE","892"
"135","76r3q468","1998","FALSE","1",NA,NA,NA,"TRUE","FALSE","TRUE","642"
"136","76r3y856","2017","TRUE","3",NA,NA,NA,"TRUE","TRUE","FALSE","718"
"137","76r4wl18","1996","FALSE","15",NA,NA,NA,"TRUE","TRUE","TRUE","465"
"138","76r73418","1993","FALSE","1",NA,NA,NA,"TRUE","TRUE","TRUE","49"
"139","76r7yv18","2004","FALSE","3","qdnqqrn8","leqm8pzw","m0rvylrx","TRUE","TRUE","TRUE","105"
"140","76r89ed8","2017","FALSE","2","vx5ey1n4","4zwq1dzk","9ne0vkr5","TRUE","TRUE","TRUE","49"
"141","76r98468","1999","FALSE","10","yq5w382g","myzo5q6q","x36374nk","TRUE","TRUE","TRUE","667"
"142","76revld8","2016","FALSE","1","94n4pn0w","jev155ek",NA,"TRUE","FALSE","FALSE","160"
"143","76rg4l18","2011","FALSE","2",NA,NA,NA,"TRUE","TRUE","TRUE","487"
"144","76rg9l18","2003","FALSE","4","el28lrnr","vego3oz0","2l6mj69e","TRUE","TRUE","TRUE","261"
"145","76rjrq18","2013","FALSE","1",NA,NA,NA,"TRUE","TRUE","TRUE","92"
"146","76rkkvd8","2009","TRUE","5",NA,NA,NA,"TRUE","TRUE","TRUE","153"
"147","76rkwed8","2017","FALSE","5","m65jxlnk","p6x8rke1","lkry9gnv","TRUE","TRUE","FALSE","1301"
"148","76royl68","1996","TRUE","16",NA,NA,NA,"TRUE","TRUE","TRUE","349"
"149","76rpml18","2017","FALSE","0","vx5evrn4","1zk9p7ej","kryv9lrv","TRUE","TRUE","TRUE","255"
"150","76rq8vd8","2017","FALSE","2",NA,"leqo0p6w",NA,"TRUE","TRUE","FALSE","160"
"151","76rxpzv6","2014","FALSE","2",NA,NA,NA,"TRUE","TRUE","TRUE","44"
"152","8m1z4m60","2009","FALSE","2","jp23x26k",NA,NA,"TRUE","TRUE","TRUE","89"
"153","8m1z8x10","2008","FALSE","3","qdnqkn8k","5yz8ngzw","m0rvylrx","TRUE","FALSE","TRUE","1784"
"154","8m1zpm60","2001","FALSE","3","9rnvvrnq","yge0jp6p","8060ynlv","TRUE","TRUE","TRUE","447"
"155","8m1zzm10","2005","FALSE","3",NA,"nelvr562","80607ynl","TRUE","TRUE","TRUE","628"
"156","8nd20r60","2006","FALSE","7","94n4ep50","l1zk9oej","lkry9gnv","TRUE","TRUE","FALSE","1101"
"157","8nd2o560","2007","FALSE","3",NA,"nelvr562","80607ynl","TRUE","TRUE","TRUE","575"
"158","946w031r","2010","FALSE","6","o75mg539","ynzmy5z0","8060zyrl","TRUE","FALSE","FALSE","1541"
"159","946w836r","2002","FALSE","3","jp23x26k",NA,NA,"TRUE","TRUE","TRUE","140"
"160","946wk96r","2014","FALSE","6",NA,NA,NA,"TRUE","TRUE","TRUE","117"
"161","9d3000dl","2011","TRUE","2",NA,NA,NA,"TRUE","TRUE","TRUE","315"
"162","9d33ygdl","2012","TRUE","11",NA,NA,NA,"TRUE","TRUE","TRUE","32"
"163","9d3835g1","2021","FALSE","8","61n9yz5m","mzn82ozr","mr53lw6y","TRUE","TRUE","TRUE","1113"
"164","9d385g1l","1999","FALSE","2","jp23ox26","5mzn8lzr","m0rvylrx","TRUE","FALSE","FALSE","1909"
"165","9d385vg1","2022","FALSE","4","o75mg539","1e7d11e7","d6j82gnp","TRUE","TRUE","TRUE","811"
"166","9d38e2g1","2017","FALSE","1",NA,NA,NA,"TRUE","TRUE","FALSE","155"
"167","9d38e791","1998","FALSE","3",NA,NA,NA,"TRUE","TRUE","TRUE","210"
"168","9d38k301","2021","TRUE","4","jp23x26k","yz874x6w","vr84xgng","TRUE","TRUE","TRUE","185"
"169","9d38pw1l","1993","FALSE","1","qdnqkn8k","l4ep39zr","e2n9ywrx","TRUE","TRUE","TRUE","98"
"170","9d38vw1l","2005","FALSE","3",NA,NA,NA,"TRUE","TRUE","TRUE","85"
"171","9d3evg1l","2015","FALSE","7","qdnqekn8","y4zwm26k","z6qqqg69","TRUE","TRUE","TRUE","172"
"172","9d3exw1l","1992","FALSE","23","el286onr","ynzm5ge0","19neqqn5","TRUE","TRUE","TRUE","330"
"173","9d3loedl","2013","TRUE","1","el289knr","nelx25e2",NA,"TRUE","TRUE","TRUE","44"
"174","9d3qv91l","2014","TRUE","1",NA,NA,NA,"TRUE","TRUE","TRUE","32"
"175","9d3r2wdl","2013","FALSE","2","qdnqkn8k","4zwvod6k","vr842yng","TRUE","TRUE","TRUE","146"
"176","9d3r3gdl","2014","TRUE","2",NA,"k62dq7ex",NA,"TRUE","FALSE","FALSE","456"
"177","9d3r70ed","1987","FALSE","1","jp23x26k",NA,NA,"TRUE","TRUE","TRUE","162"
"178","9d3r7egd","1999","TRUE","14",NA,NA,NA,"TRUE","FALSE","TRUE","158"
"179","9d3r7gyd","2017","TRUE","2","72y1d62d","yzo19neq","dnlx9znl","TRUE","TRUE","FALSE","83"
"180","9d3r9edl","2010","FALSE","3","qdnqkn8k","rzj9916l","4dnll7nl","TRUE","TRUE","TRUE","751"
"181","9d3reryd","2017","TRUE","7","qdnqyk28","4ep8xr6r",NA,"TRUE","TRUE","FALSE","1736"
"182","9d3rmggd","2020","FALSE","9",NA,NA,NA,"TRUE","TRUE","FALSE","78"
"183","9d3rpowd","2018","FALSE","1","oy5gp5e3","k62vw7ex","q6dkolnz","TRUE","TRUE","FALSE","884"
"184","9d3rrw0d","2014","TRUE","1","r2roy82z","nel000e2","9ne0m9r5","TRUE","TRUE","FALSE","215"
"185","9d3rvzwd","2017","TRUE","2","94n4pn0w","4rzjlp6l","80601pnl","TRUE","TRUE","TRUE","2268"
"186","9d3rwned","2018","FALSE","1",NA,"qe5ojw6v","q6dwe2nz","TRUE","TRUE","FALSE","280"
"187","9d3wgy1l","2013","FALSE","1","qdnqkn8k",NA,NA,"TRUE","TRUE","FALSE","856"
"188","9d3wr91l","2006","FALSE","6","qdnqekn8","myzo3pzq","k564wnw1","TRUE","TRUE","FALSE","532"
"189","9do3e7dp","2011","FALSE","3","wr2l1n7p","yzo3opzq","8060ynlv","TRUE","TRUE","FALSE","368"
"190","9do4qe6p","2012","FALSE","1",NA,"jev7j8ek","l67qmgnv","TRUE","TRUE","FALSE","646"
"191","9do5k71p","1997","FALSE","3","wr2l1n7p","3ner756j","01ngpdnl","TRUE","TRUE","TRUE","46"
"192","9do5mk1p","1990","FALSE","8",NA,NA,NA,"TRUE","TRUE","TRUE","256"
"193","9do8jge1","2015","FALSE","3",NA,NA,NA,"TRUE","TRUE","TRUE","130"
"194","9do8mm1p","2009","FALSE","3","qdnqkn8k","xv6dvx62","m0rvylrx","TRUE","TRUE","FALSE","6920"
"195","9do8oqo1","2021","TRUE","4",NA,NA,NA,"TRUE","TRUE","FALSE","303"
"196","9do8p71p","2008","FALSE","2",NA,NA,NA,"TRUE","FALSE","TRUE","728"
"197","9do92odp","2014","FALSE","3","oq2712l7","nzmg25z0","lkryl5nv","TRUE","TRUE","FALSE","185"
"198","9dojrk6p","2004","FALSE","2","el28onrz","nerpj56j","m0rvylrx","TRUE","FALSE","TRUE","271"
"199","9dojze6p","2015","FALSE","4",NA,NA,NA,"TRUE","TRUE","TRUE","104"
"200","9dok231p","1993","FALSE","7","y45xk8nd","2jevn26k","2l6mj69e","TRUE","TRUE","TRUE","324"
"201","9dokge1p","1998","FALSE","5","94n44on0","5mzn8lzr","krxdel69","TRUE","TRUE","TRUE","3347"
"202","9dow4om1","2017","FALSE","1","pl2ke21x","w6324mex","1nglwd6l","TRUE","TRUE","FALSE","333"
"203","9dow9e1p","1997","FALSE","1","wr2l1n7p",NA,NA,"TRUE","TRUE","TRUE","5894"
"204","9dow9rm1","2019","TRUE","3",NA,NA,NA,"TRUE","TRUE","TRUE","1810"
"205","9dowpe1p","2009","FALSE","7","94n4pn0w","leqm52zw","19ne5jn5","TRUE","TRUE","FALSE","1981"
"206","9dowrxo1","2019","TRUE","9",NA,NA,NA,"TRUE","TRUE","FALSE","74"
"207","9doy4o6p","2004","FALSE","3","1n9q3v2m","v6dylp62","m0rvylrx","TRUE","TRUE","TRUE","86"
"208","9j1l576g","2007","FALSE","7","jp23x26k",NA,NA,"TRUE","TRUE","FALSE","167"
"209","9j1lgzdg","2003","FALSE","2",NA,NA,NA,"TRUE","TRUE","TRUE","755"
"210","j1l0z41g","2017","TRUE","0","d5o0g35w","y4zw106k","m0rvylrx","TRUE","TRUE","TRUE","144"
"211","j1l7kedg","2000","FALSE","16","p23103n6","ner0y5ej",NA,"TRUE","TRUE","TRUE","411"
"212","j1l9w71g","2013","FALSE","2",NA,NA,NA,"TRUE","TRUE","FALSE","87"
"213","j1lewj6g","2017","FALSE","9","oy5gp5e3","1zk9n2ej","5p6z7yr3","TRUE","TRUE","FALSE","985"
"214","j1lgy4dg","2009","FALSE","3",NA,NA,NA,"TRUE","TRUE","TRUE","66"
"215","j1ll5le1","2020","FALSE","4","p92dkmnl","ge0ykx6p","4np8p2rl","TRUE","TRUE","FALSE","102"
"216","j1ll7371","1978","FALSE","2",NA,NA,NA,"TRUE","TRUE","TRUE","63"
"217","j1ll8jv1","2018","FALSE","1","qdnqqrn8","qe5kylev","p6zde4r3","TRUE","TRUE","FALSE","2037"
"218","j1llr41g","2013","FALSE","1","qdnqekn8","mzndwl6r",NA,"TRUE","TRUE","TRUE","265"
"219","j1llrmz1","1999","TRUE","2",NA,NA,NA,"TRUE","TRUE","TRUE","62"
"220","j1lly0e1","2019","FALSE","1",NA,NA,NA,"TRUE","TRUE","TRUE","209"
"221","j1lonz1g","2012","FALSE","3",NA,NA,NA,"TRUE","TRUE","TRUE","148"
"222","j1lq546g","2014","FALSE","2",NA,NA,NA,"TRUE","TRUE","TRUE","261"
"223","j1lqq2e6","2007","FALSE","4","y5gk042e","qe50kw6v","kryk9e6v","TRUE","TRUE","FALSE","787"
"224","j1lypjdg","2001","FALSE","4",NA,NA,NA,"TRUE","TRUE","FALSE","73"
"225","j1lzzj6g","2014","FALSE","8",NA,NA,NA,"TRUE","TRUE","FALSE","355"
"226","j1n29w1p","2014","FALSE","5","q274q12l","leqvy2zw","d6j2v7np","TRUE","TRUE","FALSE","4910"
"227","j1n5yx1p","2017","FALSE","5","4n6307n9","k62xj7zx",NA,"TRUE","TRUE","FALSE","647"
"228","j1n89ry1","2019","FALSE","1",NA,"ge0lxpep",NA,"TRUE","TRUE","FALSE","113"
"229","j1n8ekw1","2020","TRUE","1",NA,"4ep2yd6r",NA,"TRUE","TRUE","TRUE","336"
"230","j1n8mox1","2021","FALSE","1",NA,NA,NA,"TRUE","TRUE","TRUE","35"
"231","j1n8ow1p","1999","FALSE","3",NA,NA,NA,"TRUE","FALSE","TRUE","626"
"232","j1n8q9l1","2022","FALSE","1","94n4pn0w","qe53wp6v","060w0yrl","TRUE","TRUE","FALSE","301"
"233","j1ne2y1p","2005","FALSE","4","pm21pl24","5mzn3oer","qkr2jne4","TRUE","TRUE","TRUE","548"
"234","j1ne35y1","2019","TRUE","1",NA,NA,NA,"TRUE","TRUE","TRUE","16"
"235","j1ne4y91","2018","FALSE","1",NA,NA,NA,"TRUE","FALSE","FALSE","1054"
"236","j1ne50e1","2015","TRUE","1",NA,NA,NA,"TRUE","TRUE","TRUE","261"
"237","j1ne85l1","2002","FALSE","1","oy5gp5e3",NA,NA,"TRUE","TRUE","TRUE","435"
"238","j1ne9el1","2011","TRUE","3",NA,NA,NA,"TRUE","TRUE","TRUE","92"
"239","j1neozx1","2020","FALSE","9","pm21pl24","myzo72eq","qkr2jne4","TRUE","TRUE","FALSE","3923"
"240","j1new3l1","2020","FALSE","5","l28mxr5r","jevwg26k","dq6dqnze","TRUE","TRUE","FALSE","58"
"241","j1nexne1","2019","FALSE","3",NA,NA,NA,"TRUE","TRUE","TRUE","45"
"242","j1ney91p","2014","FALSE","8","jp23x26k","5yz8oxew","93nkvz6w","TRUE","TRUE","TRUE","126"
"243","j1ng5w6p","1993","FALSE","27","el286onr","ynzm5ge0","19neqqn5","TRUE","TRUE","TRUE","520"
"244","j1ngme6p","2004","FALSE","4","vx5ey1n4","4nel5vz2","w4npw2rl","TRUE","TRUE","TRUE","234"
"245","j1njxw6p","2008","FALSE","2",NA,NA,NA,"TRUE","FALSE","TRUE","42"
"246","j1nkpx1p","2015","TRUE","2","wr2l1n7p","qe5j1kzv","4dnl846l","TRUE","FALSE","TRUE","419"
"247","j1nl9ydp","2007","TRUE","0",NA,NA,NA,"TRUE","TRUE","TRUE","60"
"248","j1nm8w6p","2013","FALSE","3","q4n660n9","7pe143eo","w4npjdnl","TRUE","TRUE","FALSE","587"
"249","j1npme6p","2011","FALSE","1","q4n60ln9","k62d97ex",NA,"TRUE","TRUE","FALSE","10000"
"250","j1nqoy1p","2013","FALSE","8","61n9q2m0","l4epp3er","w4np8drl","TRUE","TRUE","FALSE","2129"
"251","j1nrv9dp","1984","FALSE","6","wr2l1n7p","xv6dvx62","m0rvylrx","TRUE","TRUE","TRUE","395"
"252","j1nxpwdp","1991","FALSE","1",NA,NA,NA,"TRUE","TRUE","TRUE","76"
"253","jy65301e","2014","FALSE","0","qdnqkn8k","4ne4r9zm","m0rvylrx","TRUE","TRUE","FALSE","461"
"254","k6q0jo1g","2015","FALSE","4","pl2kge51","qe5nvkev",NA,"TRUE","TRUE","FALSE","1004"
"255","k6q2g96g","2008","FALSE","3","o75mg539","v69wnxex","5p6zpr3w","TRUE","FALSE","TRUE","235"
"256","k6q40n9d","2018","FALSE","1",NA,NA,NA,"TRUE","TRUE","FALSE","48"
"257","k6q40rxd","2016","FALSE","1","g2zom0nl","v6dgr962",NA,"TRUE","TRUE","TRUE","71"
"258","k6q4520d","2009","TRUE","1",NA,NA,NA,"TRUE","TRUE","TRUE","179"
"259","k6q474zd","2009","FALSE","2",NA,NA,NA,"TRUE","TRUE","TRUE","5997"
"260","k6q49mxd","2018","FALSE","9",NA,NA,NA,"TRUE","TRUE","TRUE","81"
"261","k6q49rmd","2017","TRUE","1","r2ro0m2z","3zypljz4",NA,"TRUE","TRUE","TRUE","403"
"262","k6q4kzdg","2003","FALSE","5","pm21pl24","5mzn3oer","qkr2jne4","TRUE","TRUE","TRUE","440"
"263","k6q4p50d","2012","FALSE","2","wr2l1n7p",NA,NA,"TRUE","TRUE","TRUE","376"
"264","k6q4yozd","2019","FALSE","3",NA,"7pe1veo3","8060ynlv","TRUE","TRUE","TRUE","139"
"265","k6q7qodg","2017","FALSE","7","o75mg539","nelx00e2","564v8z6w","TRUE","TRUE","FALSE","93"
"266","k6qejz6g","2017","FALSE","3","pl2kge51","k62xnozx","p6zj9pr3","TRUE","TRUE","FALSE","99"
"267","k6qgnmdg","2016","FALSE","9","o75mg539","nerlp1ej","93nkme6w","TRUE","TRUE","TRUE","4380"
"268","k6qlm91g","2016","FALSE","6","pm21pl24","ge0nnnzp","8060ynlv","TRUE","TRUE","FALSE","158"
"269","k6qlmz1g","2016","TRUE","4",NA,NA,NA,"TRUE","TRUE","FALSE","326"
"270","k6qoom1g","2011","FALSE","6","o75mg539","ynzmy5z0","8060zyrl","TRUE","TRUE","FALSE","669"
"271","k6qp3xdg","2011","FALSE","5",NA,NA,NA,"TRUE","TRUE","FALSE","30"
"272","k6qpy9dg","2006","FALSE","9","wr2l1n7p","myzopkeq","emr5kery","TRUE","FALSE","TRUE","913"
"273","k6qqkx6g","2003","FALSE","1",NA,"veg7rpe0",NA,"TRUE","TRUE","FALSE","45"
"274","k6qrq91g","2013","FALSE","1","m65j4m5k","4ne4p9em",NA,"TRUE","TRUE","FALSE","305"
"275","k6qrrm1g","1991","FALSE","8",NA,NA,NA,"TRUE","TRUE","TRUE","803"
"276","kdk0eg6m","2015","FALSE","8",NA,NA,NA,"TRUE","TRUE","TRUE","450"
"277","kdk5e2dm","2017","FALSE","7","jp23x26k",NA,NA,"TRUE","TRUE","FALSE","648"
"278","kdk82qdm","2018","FALSE","1","wr2l1n7p","1e7mmde7",NA,"TRUE","TRUE","FALSE","286"
"279","kdke0qdm","1990","FALSE","10","yq5w382g","3nerd16j","x36374nk","TRUE","TRUE","TRUE","274"
"280","kdkm421m","2008","FALSE","6","94n4pn0w","leqm52zw","19ne5jn5","TRUE","TRUE","FALSE","412"
"281","kdkm87g1","2021","FALSE","4","94n4pn0w","v6dx5xe2","9nel7jr5","TRUE","TRUE","TRUE","173"
"282","kdknmqdm","2007","TRUE","3","q5w30z2g",NA,NA,"TRUE","TRUE","FALSE","668"
"283","kdkqxgdm","2014","FALSE","12","qdnqekn8","l4epdrer","5p6zdpr3","TRUE","TRUE","TRUE","1355"
"284","kdkr5e6m","2009","FALSE","6",NA,NA,NA,"TRUE","TRUE","FALSE","1288"
"285","kdkrvl6m","1997","FALSE","10",NA,NA,NA,"TRUE","TRUE","TRUE","1145"
"286","kdkxgg6m","2017","FALSE","6","x6509o5m","pe115reo","3nk0yxrw","TRUE","TRUE","TRUE","32"
"287","kdkz4v2d","2019","FALSE","2","oy5gp5e3","k62vw7ex","q6dkolnz","TRUE","TRUE","TRUE","527"
"288","kdkz5nxd","2020","FALSE","1","p231mxn6","4zwlkqek",NA,"TRUE","TRUE","TRUE","159"
"289","kdkz7ldm","1990","FALSE","1",NA,NA,NA,"TRUE","TRUE","TRUE","1645"
"290","kdkzjmld","2007","FALSE","3",NA,"3ner3lej","2l6mj69e","TRUE","TRUE","TRUE","399"
"291","kdkzvmld","1990","FALSE","4","y72yd2do",NA,NA,"TRUE","FALSE","TRUE","279"
"292","kdkzvzld","2018","TRUE","2",NA,"yzo11peq",NA,"TRUE","TRUE","TRUE","278"
"293","kdkzwpgd","2015","FALSE","1","1n99zpnm","k62m2wex","l6mdg369","TRUE","TRUE","TRUE","2346"
"294","kdkzwqqd","2018","FALSE","2","m65j4m5k","1zk3roej","mr51yjny","TRUE","TRUE","TRUE","1256"
"295","kdkzxldm","2013","FALSE","1",NA,"3nerkozj","m0rvylrx","TRUE","FALSE","FALSE","2114"
"296","kyd42k6e","1995","FALSE","7",NA,NA,NA,"TRUE","FALSE","TRUE","321"
"297","kyd49x1e","2005","FALSE","4","94n4pn0w","p6xllk61","8060ynlv","TRUE","TRUE","TRUE","268"
"298","kyd4pxde","2014","FALSE","1",NA,NA,NA,"TRUE","FALSE","TRUE","2436"
"299","l3dx4g6y","2003","FALSE","4","el28onrz","veg77ve0","8060ynlv","TRUE","TRUE","TRUE","119"
"300","l3dxny1y","1996","FALSE","7",NA,NA,NA,"TRUE","TRUE","TRUE","749"
"301","l3dxogdy","2008","FALSE","3","wr2l1n7p","leqml3zw","m0rvylrx","TRUE","FALSE","FALSE","4039"
"302","l3dxqp1y","2008","FALSE","4","9rnvvrnq","4rzj9n6l","w4np8drl","TRUE","TRUE","FALSE","562"
"303","lde32px6","2019","FALSE","1",NA,"v6dgwy62","93nkd06w","TRUE","TRUE","FALSE","36"
"304","lde33p56","2013","FALSE","1",NA,NA,NA,"TRUE","TRUE","TRUE","221"
"305","lde35me6","2020","FALSE","4","q5wk4r5g","4zwl7oek","0rv2pe6x","TRUE","TRUE","TRUE","28"
"306","lde394l6","2012","TRUE","2",NA,"v6d4j762",NA,"TRUE","TRUE","TRUE","531"
"307","lde3g3e6","2019","TRUE","2",NA,"4zww4ozk",NA,"TRUE","TRUE","TRUE","373"
"308","lde3k356","2017","FALSE","5","yq5w382g",NA,"lkry9gnv","TRUE","TRUE","FALSE","127"
"309","lde3l7j6","2021","TRUE","4",NA,NA,NA,"TRUE","TRUE","TRUE","43"
"310","lde3nex6","2019","FALSE","5","94n4pn0w","jevkx56k","93nkd06w","TRUE","TRUE","FALSE","3884"
"311","lde3nle6","1991","FALSE","1",NA,NA,NA,"TRUE","TRUE","TRUE","77"
"312","lde3p8x6","2016","TRUE","6",NA,NA,NA,"TRUE","TRUE","FALSE","1398"
"313","lde3r2l6","2019","FALSE","3","mr2rmnz0",NA,NA,"TRUE","TRUE","FALSE","802"
"314","lde3v3x6","2020","TRUE","1","94n4ppn0","yz874x6w","vr84xgng","TRUE","TRUE","TRUE","249"
"315","lde3z9l6","2018","FALSE","6","r2lwv157","leqovy6w","krx234n9","TRUE","TRUE","FALSE","707"
"316","lde3zpn6","2018","FALSE","5","94n4pn0w","jev7o4ek","4np0106l","TRUE","TRUE","TRUE","131"
"317","lde3zyx6","2020","FALSE","1","oy5gp5e3","p6x1q7z1","l6m8jgn9","TRUE","TRUE","FALSE","313"
"318","lde5ljd3","2015","TRUE","3",NA,"v6dppm62","564vmj6w","TRUE","TRUE","FALSE","682"
"319","lde77j13","2017","FALSE","4",NA,NA,NA,"TRUE","TRUE","FALSE","103"
"320","ldej3o51","2018","FALSE","9","7d5og32w","qe50vr6v","0rv0lknx","TRUE","TRUE","TRUE","2877"
"321","ldejjmj1","2021","TRUE","3",NA,NA,NA,"TRUE","TRUE","FALSE","132"
"322","ldejy2x1","2022","FALSE","7",NA,"1zk25nzj","z6q7xgr9","TRUE","TRUE","FALSE","133"
"323","ldemjl13","2012","FALSE","3","pm21pl24","4zwgj26k","19ne5jn5","TRUE","TRUE","FALSE","2974"
"324","lder2l63","1986","FALSE","3",NA,NA,NA,"TRUE","TRUE","TRUE","131"
"325","ldew2xd3","2013","FALSE","5","94n4pn0w","l4eprdzr","vr8402ng","TRUE","TRUE","TRUE","352"
"326","ldexqn63","2003","FALSE","11","qdnqyk28",NA,NA,"TRUE","TRUE","TRUE","761"
"327","ldezond3","2003","FALSE","3",NA,NA,NA,"TRUE","FALSE","TRUE","440"
"328","ldezyjd3","1993","FALSE","12","o75mg539","y4zwg06k","zr1vlgr8","TRUE","TRUE","TRUE","237"
"329","m1m2oxd2","2015","FALSE","5","pm21pl24","myzo72eq","qkr2jne4","TRUE","TRUE","TRUE","3644"
"330","m1m34462","2004","FALSE","1",NA,NA,NA,"TRUE","TRUE","TRUE","75"
"331","m1m7pp12","2000","FALSE","4",NA,NA,NA,"TRUE","FALSE","FALSE","1152"
"332","m1m8pxd2","2016","FALSE","3","rnvv0knq","1e7qx267","kry9zlnv","TRUE","TRUE","TRUE","249"
"333","m1m99362","2017","FALSE","3","m65jxlnk","yge0rnep","dq6djl6z","TRUE","TRUE","FALSE","982"
"334","m1mgkj12","2016","FALSE","2","pl2ke21x","jev172ek","zr18lg68","TRUE","TRUE","FALSE","98"
"335","m1mgl312","2016","FALSE","3","9rnvvrnq","dqe5npev","8060ynlv","TRUE","TRUE","FALSE","1489"
"336","m1mjnk12","2015","FALSE","4","qdnqkn8k","4nelgl62",NA,"TRUE","TRUE","TRUE","677"
"337","m1mkwpd2","2016","FALSE","4","94n4pn0w","mzn3k2er","93nkme6w","TRUE","TRUE","FALSE","791"
"338","m1mnepkd","2021","FALSE","1",NA,NA,NA,"TRUE","TRUE","TRUE","27"
"339","m1mneqpd","2019","FALSE","1","oy5gp5e3",NA,NA,"TRUE","TRUE","TRUE","60"
"340","m1mnjexd","2011","TRUE","1",NA,NA,NA,"TRUE","TRUE","FALSE","443"
"341","m1mnxrxd","2020","TRUE","2","o75m68n3","leqvy2zw","d6j2v7np","TRUE","TRUE","FALSE","116"
"342","m1mr7j62","2010","TRUE","5","9rnvjknq","leqxvy6w","5647426w","TRUE","TRUE","TRUE","283"
"343","m1mx0ox6","2019","FALSE","9",NA,NA,NA,"TRUE","TRUE","TRUE","7148"
"344","m1mx2ek6","2018","FALSE","1","94n4pn0w","myzo3pzq","k564wnw1","TRUE","TRUE","FALSE","367"
"345","m1mx4jx6","2019","FALSE","8","y72yd2do","1zk8dnzj",NA,"TRUE","TRUE","FALSE","196"
"346","m1mx5k62","2007","FALSE","5","9rnvvrnq","p6xllk61","8060ynlv","TRUE","TRUE","TRUE","250"
"347","m1mx75p6","2013","TRUE","3",NA,NA,NA,"TRUE","TRUE","TRUE","2804"
"348","m1mxl7p6","2020","FALSE","4",NA,NA,NA,"TRUE","TRUE","FALSE","880"
"349","m1mxrr36","2019","TRUE","1",NA,NA,NA,"TRUE","TRUE","TRUE","67"
"350","m1mxz3x6","2018","FALSE","3","m65jk2k0","5k62q06x","kd6jv6p0","TRUE","TRUE","TRUE","43"
"351","m1mzq4d2","2012","FALSE","5","wr2l1n7p","3ner0jej","8060ynlv","TRUE","TRUE","FALSE","564"
"352","m1z3w2d0","2007","FALSE","2",NA,NA,NA,"TRUE","TRUE","TRUE","360"
"353","m1z5l010","1993","FALSE","3","1n9qgd2m","myzo3pzq","k564wnw1","TRUE","TRUE","TRUE","87"
"354","m1z73360","2015","FALSE","7","pm21dr24","81e7gle7","m0rvddrx","TRUE","TRUE","TRUE","885"
"355","m1z98xd0","2000","TRUE","4","94n4pn0w","leqml3zw","m0rvylrx","TRUE","TRUE","TRUE","1060"
"356","m1z9l2d0","2017","TRUE","3","45xqoxnd","w63x8j6x","d6j044rp","TRUE","TRUE","TRUE","10000"
"357","m1zgg060","2016","FALSE","3","pm21pl24","5mzn3oer","qkr2jne4","TRUE","TRUE","FALSE","653"
"358","m1zj82z6","2020","FALSE","7","9rnvvrnq","7pe1y3eo","93nkvz6w","TRUE","TRUE","FALSE","38"
"359","m1zjk4m6","2018","FALSE","3","el286onr",NA,"8060ynlv","TRUE","TRUE","TRUE","66"
"360","m1zjpm60","2004","FALSE","2",NA,NA,NA,"TRUE","FALSE","TRUE","1789"
"361","m1zjr7m6","2021","FALSE","1",NA,NA,NA,"TRUE","TRUE","TRUE","122"
"362","m1zjvym6","2018","FALSE","1","y72yyw2d","1zkr52ej","kr2zwjre","TRUE","TRUE","TRUE","234"
"363","m1zjwex6","2020","FALSE","5","jp23x26k","yzo3jnzq","5p6z7yr3","TRUE","TRUE","FALSE","63"
"364","m1zjyk06","1991","TRUE","9","7d5owlnw","xv6dvx62","m0rvylrx","TRUE","TRUE","TRUE","384"
"365","m1zk23z1","2020","FALSE","0",NA,NA,NA,"TRUE","TRUE","TRUE","21"
"366","m1zkjpm1","2021","FALSE","5","qdnqkn8k","yz8l72ew","5p6zdpr3","TRUE","TRUE","FALSE","47"
"367","m1zkjzx1","2011","FALSE","2","pm21v424","leqj33zw","kr2zvyre","TRUE","TRUE","TRUE","212"
"368","m1zljmd0","2010","FALSE","2",NA,NA,NA,"TRUE","TRUE","TRUE","603"
"369","m1zmqx60","2009","FALSE","1","y72yd2do","yzox3lzq","2l6m7j69","TRUE","TRUE","FALSE","150"
"370","m1zmv060","2012","FALSE","1","y72yd2do",NA,NA,"TRUE","TRUE","FALSE","186"
"371","m1znjx10","2005","FALSE","3","9rnvvrnq","ynzm5ge0","19neqqn5","TRUE","TRUE","TRUE","163"
"372","m1zoz0d0","2016","TRUE","1",NA,NA,NA,"FALSE","TRUE","TRUE","123"
"373","m1zv7060","2015","FALSE","1","wr2l1n7p","ge0845zp","01ng71nl","FALSE","TRUE","TRUE","510"
"374","m1zyg260","1996","FALSE","4","x650ewnm",NA,NA,"TRUE","TRUE","TRUE","199"
"375","m9dok1pr","1996","FALSE","4","wr2l1n7p","xv6dvx62","m0rvylrx","TRUE","FALSE","TRUE","2013"
"376","m9dozm1p","2004","FALSE","3","9rnvvrnq","p6xllk61","8060ynlv","TRUE","FALSE","TRUE","135"
"377","n26847dp","2006","FALSE","3","qdnqkn8k","7pe12y6o","80607ynl","TRUE","TRUE","TRUE","179"
"378","n268p5dp","2011","FALSE","7","pm21l54x","yge0m26p","8060zyrl","TRUE","TRUE","TRUE","733"
"379","n4d7r172","2001","FALSE","6","61n9q2m0","dv69kgex","w4np8drl","TRUE","TRUE","TRUE","1783"
"380","n4d7w367","2010","FALSE","3",NA,"nelvr562","80607ynl","TRUE","TRUE","TRUE","714"
"381","nd20ke60","2016","FALSE","8","el286onr","3zyl3q64","5p6z7yr3","TRUE","TRUE","FALSE","739"
"382","nd28g0ed","2021","TRUE","2","qdnqkn8k",NA,NA,"TRUE","TRUE","TRUE","171"
"383","nd28g83d","2017","FALSE","3",NA,NA,NA,"TRUE","TRUE","TRUE","1246"
"384","nd28z0ed","2022","FALSE","6","oq27w1nl","5k62nw6x","emr5eryo","TRUE","TRUE","FALSE","411"
"385","nd2e5qed","2005","FALSE","2","o75mg539","y4zwg06k","93nkvz6w","TRUE","TRUE","TRUE","36"
"386","nd2e7m5d","2018","FALSE","6",NA,NA,NA,"TRUE","TRUE","TRUE","277"
"387","nd2e9erd","2011","TRUE","1",NA,NA,NA,"TRUE","TRUE","FALSE","10000"
"388","nd2eem3d","2016","TRUE","1","vx5ey1n4","nzm82ge0",NA,"TRUE","TRUE","TRUE","218"
"389","nd2ekkqd","2017","FALSE","1",NA,NA,NA,"TRUE","TRUE","TRUE","33"
"390","nd2el4qd","2020","FALSE","1",NA,NA,NA,"TRUE","TRUE","TRUE","23"
"391","nd2ellqd","2020","FALSE","3",NA,NA,NA,"TRUE","TRUE","TRUE","58"
"392","nd2ep7vd","2017","TRUE","4","wr2l1n7p",NA,NA,"TRUE","TRUE","TRUE","1150"
"393","nd2eqjqd","2020","FALSE","2",NA,"nzm2rve0","4npwe2rl","TRUE","TRUE","FALSE","204"
"394","nd2evpqd","2014","FALSE","3",NA,NA,NA,"TRUE","TRUE","TRUE","934"
"395","nd2ey0vd","2018","FALSE","3","yq5w382g","yzodoleq","5p6zkv63","TRUE","TRUE","TRUE","17"
"396","nd2ggq10","2010","FALSE","5","pm21pl24","myzo72eq","qkr2jne4","TRUE","TRUE","FALSE","1441"
"397","nd2mev10","2017","FALSE","1","el286onr","xv6dvx62","m0rvylrx","TRUE","TRUE","FALSE","280"
"398","nd2n2qd0","1988","FALSE","9",NA,NA,NA,"TRUE","TRUE","TRUE","202"
"399","nd2w73d0","2007","FALSE","3","9rnvvrnq","p6xllk61","8060ynlv","TRUE","TRUE","TRUE","73"
"400","nd2w83d0","2014","FALSE","1","jp23ox26","nzm545e0","vr8ddvng","TRUE","FALSE","TRUE","562"
"401","nj1n3xdp","2001","FALSE","3","pm21pl24","7pe143eo","93nkqxnw","TRUE","FALSE","TRUE","278"
"402","nj1n3ydp","2006","FALSE","9","pm211l24","myzo3pzq","k564wnw1","TRUE","TRUE","FALSE","849"
"403","nj1n4e6p","1996","FALSE","6","qdnqkn8k","5mzn8lzr","m0rvylrx","TRUE","FALSE","TRUE","946"
"404","nj1nee1p","2008","FALSE","4","61n9q2m0","l4epp3er","w4np8drl","TRUE","TRUE","TRUE","594"
"405","nj1nww1p","2004","FALSE","6","qdnqkn8k","dv6928ex","80607ynl","TRUE","TRUE","FALSE","875"
"406","o1y0wr6q","2002","FALSE","2",NA,NA,NA,"TRUE","TRUE","TRUE","161"
"407","o1y3qv6q","2009","FALSE","2","el28onrz",NA,"m0rvylrx","TRUE","FALSE","TRUE","633"
"408","o1y594dq","2003","FALSE","2","el28onrz","yz8jk96w","m0rvylrx","TRUE","TRUE","TRUE","1035"
"409","o1y9nxr6","2019","FALSE","11","el286onr","v6dgqp62","gxrwwprl","TRUE","TRUE","FALSE","393"
"410","o1y9qe46","2004","FALSE","4","m65jk2k0","dv69lx6x","qkr23j6e","TRUE","TRUE","TRUE","85"
"411","o1y9rqv6","1999","FALSE","1","oy5goxne",NA,NA,"TRUE","TRUE","FALSE","195"
"412","o1y9w8v6","2017","TRUE","1","wr2l1n7p","xv6dvx62",NA,"TRUE","FALSE","FALSE","538"
"413","o1y9w9r6","2017","FALSE","5","o75mg539","p6x105z1","2n9e556x","TRUE","TRUE","FALSE","71"
"414","o1y9we26","2020","FALSE","8","pm21pl24","ynzm5ge0","kd6jv6p0","TRUE","TRUE","FALSE","582"
"415","o1yjko1q","1994","FALSE","3","qdnqkn8k","myzo3pzq","k564wnw1","TRUE","TRUE","TRUE","478"
"416","o1yjrv1q","2001","FALSE","6","jp23x26k","yz8jk96w",NA,"TRUE","TRUE","TRUE","334"
"417","o1ype21q","2008","FALSE","4","el28onrz",NA,"2l6mj69e","TRUE","TRUE","TRUE","46"
"418","o1ywo4dq","2015","TRUE","1",NA,NA,NA,"TRUE","FALSE","TRUE","100"
"419","o1yxvv6q","1999","TRUE","20",NA,NA,NA,"TRUE","TRUE","TRUE","2827"
"420","o1yz5kdq","2004","FALSE","2",NA,NA,NA,"TRUE","TRUE","TRUE","344"
"421","o6g08xd2","1998","FALSE","6","o75mg539","4epdl9er","93nk20nw","TRUE","TRUE","TRUE","227"
"422","o6g329d2","2001","FALSE","1",NA,NA,NA,"TRUE","FALSE","TRUE","252"
"423","o6g4vn62","2001","FALSE","1","qdnqekn8","jevx38zk","80607ynl","TRUE","TRUE","TRUE","50"
"424","o6g8z912","2004","FALSE","2",NA,NA,NA,"TRUE","FALSE","FALSE","243"
"425","o6geqx12","2010","FALSE","6",NA,NA,NA,"TRUE","FALSE","TRUE","63"
"426","o6gkg912","1989","FALSE","1",NA,NA,NA,"TRUE","TRUE","TRUE","609"
"427","o6gl2k5d","2019","FALSE","4",NA,NA,NA,"TRUE","TRUE","TRUE","22"
"428","o6glg48d","2020","FALSE","10","x5eovr24","k62d97ex","3nkw70nw","TRUE","TRUE","FALSE","1439"
"429","o6glpzod","2016","TRUE","6",NA,"mzn3voer","0603ge6l","TRUE","TRUE","TRUE","369"
"430","o6glvqod","2018","FALSE","9","mr2rmnz0","qvegovz0","5p6z2l63","TRUE","TRUE","FALSE","501"
"431","o6glxod2","2010","FALSE","12",NA,NA,NA,"TRUE","TRUE","TRUE","711"
"432","o6gly99d","2019","TRUE","1","pm21dr24",NA,NA,"TRUE","TRUE","FALSE","225"
"433","o6glzxod","2017","FALSE","3",NA,NA,NA,"TRUE","TRUE","FALSE","463"
"434","o6gmr962","2000","FALSE","2","p231qrn6","4rzjw1el","x3634nkm","TRUE","TRUE","TRUE","332"
"435","o6gn7o12","2012","FALSE","7","oy5gkp2e","7pe1d3eo","93nkd06w","TRUE","FALSE","FALSE","2601"
"436","o6gn8ln1","2018","FALSE","3",NA,NA,NA,"TRUE","TRUE","TRUE","31"
"437","o6gnnk81","2021","FALSE","1",NA,NA,NA,"TRUE","TRUE","TRUE","19"
"438","o6gnq512","1994","FALSE","1","y45x792d","2jevn26k","2l6mj69e","TRUE","TRUE","TRUE","475"
"439","o6gny512","2008","FALSE","4","vx5e41n4","5k62q06x","kd6jv6p0","TRUE","TRUE","FALSE","659"
"440","o6gqk912","2000","FALSE","3","94n4pn0w","5yz8yq6w","5p6z9mn3","TRUE","TRUE","TRUE","71"
"441","ok6qlo1g","2003","FALSE","6","qdnqkn8k","dv6928ex","80607ynl","TRUE","TRUE","FALSE","960"
"442","om1mpk12","2008","FALSE","10","94n4pn0w","ynzmy5z0","8060zyrl","TRUE","TRUE","FALSE","1465"
"443","pd02ew1e","2002","FALSE","4","wr2l1n7p","3ner0jej","1z6q7or9","TRUE","TRUE","TRUE","179"
"444","pd02yv1e","2010","FALSE","3",NA,NA,NA,"TRUE","TRUE","TRUE","498"
"445","pd072l6e","2011","TRUE","1",NA,NA,NA,"TRUE","TRUE","TRUE","198"
"446","pd0980de","2013","FALSE","2","pl2kje51","xv6dvx62","m0rvylrx","TRUE","FALSE","TRUE","220"
"447","pd0993de","2016","TRUE","2","pl2ke21x","ge0gmn6p","l6mm5369","TRUE","TRUE","FALSE","444"
"448","pd0mv36e","2015","TRUE","1",NA,NA,NA,"TRUE","FALSE","TRUE","150"
"449","pd0ngw1e","2012","FALSE","2","qdnqkn8k","xv6dvx62","m0rvylrx","TRUE","FALSE","FALSE","2828"
"450","pd0omwde","1981","FALSE","1",NA,NA,NA,"TRUE","TRUE","TRUE","67"
"451","pd0p006e","2007","FALSE","1","jp23x26k","qvegwk60","lkry9gnv","TRUE","TRUE","TRUE","57"
"452","pd0qkw1e","1992","FALSE","1","qdnqkn8k","5k62w06x","yzr18g68","TRUE","TRUE","TRUE","265"
"453","pd0qq4v1","2021","FALSE","3","4n4y3dn0","mzn4pv6r","zr13d5n8","TRUE","TRUE","FALSE","3633"
"454","pd0qx2v1","2018","FALSE","3",NA,NA,NA,"TRUE","TRUE","TRUE","265"
"455","pd0vjl6e","2007","FALSE","4",NA,NA,NA,"TRUE","TRUE","TRUE","43"
"456","pd0w2v1e","2011","FALSE","2",NA,NA,NA,"TRUE","FALSE","FALSE","2208"
"457","pd0w3qw1","2019","FALSE","1","9rnvvrnq","3nerkozj","m0rvylrx","TRUE","TRUE","TRUE","1197"
"458","pd0w4w21","2014","TRUE","2","4n6wmo29","p6xdkxz1",NA,"TRUE","TRUE","TRUE","146"
"459","pd0wj421","2020","FALSE","1","pm21l54x","yz88j2zw","1ng55drl","TRUE","TRUE","FALSE","1070"
"460","pd0wjp21","2020","FALSE","2","y72yd2do","p6x9rm61",NA,"TRUE","TRUE","FALSE","738"
"461","pd0wkq01","2017","FALSE","1","q4n60ln9",NA,NA,"TRUE","TRUE","TRUE","166"
"462","pd0wpq21","2020","TRUE","0","wr2l8p57","yz88v9zw","vr8j22ng","TRUE","TRUE","FALSE","1962"
"463","pd0wq901","2018","FALSE","9","el286onr",NA,NA,"TRUE","TRUE","FALSE","407"
"464","pd0wr3l1","2020","FALSE","1",NA,NA,NA,"TRUE","TRUE","TRUE","976"
"465","pd0wvrl1","2020","FALSE","3","oy5gp5e3","w635m1ex","93nkd06w","TRUE","TRUE","TRUE","115"
"466","pd0wx9w1","2017","FALSE","3","qdnqkn8k","v6dvjp62","p6zjx4r3","TRUE","TRUE","FALSE","10000"
"467","pd0wyrv1","2019","FALSE","1","qdnqkn8k","yzo70peq","363dk4nk","TRUE","TRUE","TRUE","222"
"468","pdv0o91w","2003","FALSE","5","94n4pn0w","1e7n8d67","4np80drl","TRUE","TRUE","TRUE","337"
"469","pdv294v6","1991","FALSE","9",NA,NA,NA,"TRUE","TRUE","TRUE","103"
"470","pdv2g0o6","2018","TRUE","2","vx5ey1n4","3zy5r1e4","kr20go6e","TRUE","TRUE","TRUE","97"
"471","pdv4qrdw","2014","FALSE","5",NA,"4epxldzr","kryvlvrv","TRUE","TRUE","TRUE","477"
"472","pdv7wkdw","2016","FALSE","5","qdnqyk28","4zwgq06k",NA,"TRUE","TRUE","TRUE","651"
"473","pdv94r1w","2008","FALSE","8","94n4pn0w","ynzmy5z0","gxrw36l2","TRUE","TRUE","FALSE","874"
"474","pdvl8r1w","2017","FALSE","4","94n4pn0w","4zw13q6k","0rvyzkrx","TRUE","TRUE","TRUE","383"
"475","pdvlzo1w","2014","TRUE","2","y72yd2do",NA,"kr23116e","TRUE","FALSE","TRUE","349"
"476","pdvmrrdw","2015","FALSE","4","oy5gp5e3","nzmgo9z0",NA,"TRUE","TRUE","TRUE","341"
"477","pdvq8r6w","2010","FALSE","2","jp23x26k","qe5nqkev","m0rvylrx","TRUE","TRUE","TRUE","74"
"478","pdvqn96w","2015","FALSE","5","9rnvjknq","v69nm8ex",NA,"TRUE","TRUE","TRUE","42"
"479","pdvrmo1w","2011","FALSE","1",NA,NA,NA,"TRUE","FALSE","TRUE","438"
"480","pdvykrdw","2014","TRUE","1",NA,NA,NA,"TRUE","TRUE","FALSE","148"
"481","pdvz3qr6","2005","TRUE","3",NA,NA,NA,"TRUE","TRUE","TRUE","69"
"482","pdvz9v46","2017","FALSE","1","r2l6op27","nzm7o7z0","dnl0w9nl","TRUE","TRUE","TRUE","1393"
"483","pdvzn2r6","2009","TRUE","3","94n4pn0w","leqm52zw","19ne5jn5","TRUE","TRUE","FALSE","708"
"484","pdvznl96","2019","FALSE","1",NA,NA,NA,"TRUE","TRUE","TRUE","18"
"485","pdvznzr6","2018","TRUE","4","jp23x26k","dv690v6x",NA,"TRUE","TRUE","FALSE","4066"
"486","pdvzo8r6","2020","FALSE","4","72yoqo5d","nzm845e0","gnoxxeno","TRUE","TRUE","FALSE","2270"
"487","pdvzpko6","2018","FALSE","6","pm21v424","yzoxyqzq","3635mdrk","TRUE","TRUE","FALSE","160"
"488","pdvzpo46","2019","FALSE","9","oy5ggp5e","k62150ex",NA,"TRUE","TRUE","FALSE","894"
"489","pdvzq5r6","2002","TRUE","3",NA,NA,NA,"TRUE","TRUE","FALSE","136"
"490","pdvzwek6","2012","FALSE","3",NA,NA,"kr21ojne","TRUE","TRUE","FALSE","706"
"491","pdvzxmr6","2018","TRUE","6",NA,NA,NA,"TRUE","TRUE","FALSE","1146"
"492","pdvzy8r6","2020","FALSE","2",NA,NA,NA,"TRUE","TRUE","FALSE","175"
"493","pdvzzk6w","2011","FALSE","1","qdnqkn8k","5k62x8zx","yzr1vgr8","TRUE","FALSE","FALSE","234"
"494","qw6j726j","1990","FALSE","5","wr2l1n7p",NA,NA,"TRUE","TRUE","TRUE","539"
"495","qw6jp56j","2002","FALSE","2",NA,"k625k06x","5p6zdpr3","TRUE","FALSE","TRUE","1731"
"496","qw6jqx1j","2011","FALSE","4","jp231xn6","p6xllk61","8060ynlv","TRUE","TRUE","TRUE","308"
"497","qw6jv76j","2004","FALSE","4",NA,"ynzmy5z0",NA,"TRUE","TRUE","FALSE","386"
"498","qw6jw41j","2014","FALSE","4","94n49d20","yz873g6w",NA,"TRUE","TRUE","FALSE","2764"
"499","v1p0x468","1989","FALSE","1",NA,NA,NA,"TRUE","TRUE","TRUE","375"
"500","v1p3om68","2012","FALSE","1","oy5gp5e3","yzo3rqzq","qkr2wore","TRUE","TRUE","FALSE","133"
"501","v1p42z18","2006","TRUE","1","61n9q2m0",NA,"0rv1perx","TRUE","TRUE","TRUE","237"
"502","v1p4e418","2017","FALSE","1","4n6wp029","v69g38zx",NA,"TRUE","TRUE","TRUE","540"
"503","v1p4g818","2015","TRUE","2","m65jk2k0",NA,"dnll9znl","TRUE","TRUE","FALSE","86"
"504","v1plmp68","2001","TRUE","13",NA,"yz8jjg6w","8060ynlv","TRUE","FALSE","TRUE","389"
"505","v1po25p6","2009","FALSE","3",NA,NA,NA,"TRUE","TRUE","TRUE","154"
"506","v1po2p68","2010","FALSE","5",NA,"dqe5pzvx","w4npp2nl","TRUE","TRUE","TRUE","419"
"507","v1po7r76","2011","TRUE","16","d1npykn7","k62d97ex","2l6mp369","TRUE","TRUE","FALSE","3259"
"508","v1po9y46","2018","FALSE","4","pl2ke21x","1e7xllz7","060oge6l","TRUE","TRUE","TRUE","185"
"509","v1pojq86","2018","FALSE","1","y72yd2do","ner15g6j","l67qz2nv","TRUE","TRUE","FALSE","180"
"510","v1pom746","2017","FALSE","2","x5eyern4","leqodp6w","gno478ro","TRUE","TRUE","TRUE","156"
"511","v1ponx76","2021","TRUE","8","94n4ep50","l1zk9oej","kr20zv6e","TRUE","TRUE","FALSE","4739"
"512","v1poy886","2019","FALSE","7","m65jk2k0","jev2j26k","2n95k26x","TRUE","TRUE","FALSE","914"
"513","v1poz768","2007","FALSE","5","pm21pl24","1e7my2e7","w4npp2nl","TRUE","TRUE","FALSE","456"
"514","v1pr0p68","2016","FALSE","1",NA,"ge0n3xzp",NA,"TRUE","TRUE","FALSE","297"
"515","v1px9m68","2002","FALSE","2",NA,NA,NA,"TRUE","TRUE","TRUE","124"
"516","v1pxmg86","2021","FALSE","0","94n4pn0w","3zynp1e4",NA,"TRUE","TRUE","TRUE","1304"
"517","v1pxpy76","2009","FALSE","3","q4n60ln9","k62d97ex","2l6mp369","TRUE","TRUE","TRUE","204"
"518","v1pxz768","1994","FALSE","3",NA,NA,NA,"TRUE","FALSE","FALSE","58"
"519","v1py0718","1997","FALSE","1","wr2l1n7p","yz8jrq6w","zr18k868","TRUE","TRUE","TRUE","432"
"520","vo6gr5d2","1999","FALSE","6","jp23ox26","3nerjg6j","yzr1vgr8","TRUE","FALSE","TRUE","986"
"521","w6j395dj","2001","FALSE","11","jp23x26k","qvegwk60",NA,"TRUE","TRUE","TRUE","1186"
"522","w6j3kedj","2006","FALSE","4",NA,NA,NA,"TRUE","TRUE","TRUE","172"
"523","w6j54x1j","2002","FALSE","10","qdnqyk28","2jevn26k",NA,"TRUE","TRUE","TRUE","285"
"524","w6j5y41j","2008","FALSE","4","pm21pl24","myzo72eq","qkr2jne4","TRUE","TRUE","FALSE","816"
"525","w6j78e6j","2014","FALSE","1",NA,NA,NA,"TRUE","FALSE","TRUE","177"
"526","w6j8p71j","2016","FALSE","1",NA,"dqe53g6v",NA,"TRUE","TRUE","FALSE","169"
"527","w6jl04dj","2010","FALSE","3",NA,NA,NA,"TRUE","TRUE","TRUE","112"
"528","w6jl094d","2020","TRUE","4","m65jk2k0","2jevn6km","gnoxxeno","TRUE","TRUE","FALSE","1447"
"529","w6jl2z4d","2021","FALSE","1","oy5gp5e3","rzjo3v6l","56431drw","TRUE","TRUE","TRUE","651"
"530","w6jl5m7d","2020","FALSE","8",NA,NA,NA,"TRUE","TRUE","FALSE","153"
"531","w6jl725d","2017","FALSE","2","oy5gp5e3","k62vw7ex","q6dkolnz","TRUE","TRUE","TRUE","1701"
"532","w6jl9qxd","1987","FALSE","1",NA,NA,NA,"TRUE","TRUE","TRUE","73"
"533","w6jlg2xd","2018","TRUE","2","y72yd2do","leq1oqzw","0rvleenx","TRUE","TRUE","TRUE","26"
"534","w6jlk7ed","2019","FALSE","2",NA,NA,NA,"TRUE","TRUE","TRUE","232"
"535","w6jln7dj","1992","FALSE","14","qdnqkn8k","dqe5qkev","5p6zdpr3","TRUE","TRUE","TRUE","1562"
"536","w6jlqw5d","2020","FALSE","1","qdnqkn8k","nervll6j","mr51jxny","TRUE","TRUE","FALSE","402"
"537","w6jlrn4d","2011","TRUE","2",NA,NA,NA,"TRUE","TRUE","TRUE","346"
"538","w6jlw74d","2020","TRUE","12","qdnqkn8k","ge0g936p","mr511eny","TRUE","TRUE","TRUE","1881"
"539","w6jlzmed","2019","TRUE","4","qdnqkn8k",NA,NA,"TRUE","FALSE","TRUE","489"
"540","w6jn7x1j","2014","FALSE","7","qdnqekn8","y4zwm26k","z6qqqg69","TRUE","TRUE","TRUE","658"
"541","w6jnv51j","2011","FALSE","4","y72yod5d","pe1yjqeo","mr54kjny","TRUE","TRUE","TRUE","436"
"542","w6jp446j","2017","FALSE","1","oy5gp5e3","1e7qk167","0rv1y9rx","TRUE","TRUE","FALSE","106"
"543","w6jpwx6j","2015","FALSE","7","r2ro3p2z","w63lgd6x","93nkqxnw","TRUE","TRUE","FALSE","37"
"544","w6jrq2dj","2014","FALSE","4",NA,NA,NA,"TRUE","TRUE","TRUE","107"
"545","w6jvwe6j","1983","FALSE","1",NA,NA,NA,"TRUE","TRUE","TRUE","118"
"546","w6jyy26j","2015","TRUE","1",NA,NA,NA,"TRUE","TRUE","FALSE","33"
"547","w6jzz21j","2016","FALSE","4","el286onr","yzo3jnzq","5p6z7yr3","TRUE","TRUE","FALSE","208"
"548","x3690g6l","2005","FALSE","1","jp23x26k",NA,NA,"TRUE","TRUE","FALSE","286"
"549","x3692ldl","2011","FALSE","10","9rnvvrnq","2jevm2ek","8060zyrl","TRUE","TRUE","FALSE","1843"
"550","xkdk4g1m","2001","FALSE","6","qdnqkn8k","dv6928ex","80607ynl","TRUE","TRUE","FALSE","2704"
"551","xkdklg6m","2002","FALSE","2","9rnvvrnq","yge0jp6p","8060ynlv","TRUE","TRUE","TRUE","157"
"552","xkdkp21m","2003","FALSE","1",NA,NA,NA,"TRUE","FALSE","TRUE","1152"
"553","xlde4513","2002","FALSE","3","oq27w1nl","3nerml6j","8060ynlv","TRUE","TRUE","TRUE","80"
"554","xlde55d3","2014","FALSE","6","jp23x26k",NA,NA,"TRUE","TRUE","FALSE","1297"
"555","xv1p4m18","2009","FALSE","5","9rnvvrnq","p6xllk61","8060ynlv","TRUE","FALSE","TRUE","267"
"556","y65420de","2009","FALSE","3",NA,NA,NA,"TRUE","TRUE","TRUE","3205"
"557","y6547ned","2008","FALSE","2",NA,NA,NA,"TRUE","TRUE","TRUE","141"
"558","y654eled","2019","FALSE","3","qdnqkn8k","nelkv5z2","93nkd06w","TRUE","TRUE","TRUE","343"
"559","y654g28d","1993","TRUE","9",NA,NA,NA,"TRUE","TRUE","TRUE","39"
"560","y654lk4d","2009","FALSE","4","wr2l1n7p","qveg7ve0","1z6qgr9p","TRUE","TRUE","FALSE","119"
"561","y654r24d","2018","FALSE","1","65jz4m2k","4ne4mmem","4np0p26l","TRUE","TRUE","TRUE","491"
"562","y654vm4d","2020","FALSE","2",NA,"vegqrk60",NA,"TRUE","TRUE","TRUE","195"
"563","y654xked","2020","FALSE","12","el28onrz","p6xlom61","3635mdrk","TRUE","TRUE","FALSE","155"
"564","y654y0ed","2019","FALSE","1",NA,NA,NA,"TRUE","TRUE","FALSE","93"
"565","y655m86e","1992","FALSE","1",NA,NA,NA,"TRUE","FALSE","TRUE","389"
"566","y655oz86","2020","FALSE","1",NA,NA,NA,"TRUE","TRUE","FALSE","54"
"567","y655zq46","2021","FALSE","7",NA,NA,NA,"TRUE","TRUE","FALSE","60"
"568","y657jede","2017","FALSE","9",NA,"81e7o2z7",NA,"TRUE","TRUE","FALSE","5956"
"569","y658v76e","2013","FALSE","2",NA,NA,NA,"TRUE","TRUE","TRUE","21"
"570","y658z06e","2016","FALSE","1","oy5gp5e3","v6dnqmz2","564v7w6w","TRUE","TRUE","TRUE","47"
"571","y65lg41e","2010","FALSE","2",NA,"rzjmm1zl","5p6zpr3w","TRUE","TRUE","FALSE","196"
"572","y65lq71e","1993","FALSE","1","9rnvvrnq","myzo3pzq","k564wnw1","TRUE","TRUE","TRUE","604"
"573","y65r341e","2014","FALSE","10","m65jk2k0","dv69jgzx","qkr2jne4","TRUE","TRUE","FALSE","3669"
"574","y65x541e","2006","TRUE","2","mr2rk65z","leqwqnew","0rvxjdnx","TRUE","FALSE","FALSE","363"
"575","y65zv36e","2001","FALSE","5","qdnqkn8k","5mzn8lzr","zr1vmwr8","TRUE","TRUE","TRUE","545"
"576","yd400g1e","1989","FALSE","1","94n4pn0w",NA,"vr8xly6g","TRUE","TRUE","TRUE","205"
"577","yd40gg1e","2002","FALSE","1","9rnvvrnq","4ne4r9zm","m0rvylrx","TRUE","FALSE","TRUE","1181"
"578","yd437x1e","1988","FALSE","11",NA,NA,NA,"TRUE","TRUE","TRUE","141"
"579","yd478gde","2012","FALSE","9",NA,"yzom2keq",NA,"TRUE","TRUE","TRUE","10000"
"580","yd48w56e","2008","FALSE","1","wr2l1n7p",NA,NA,"TRUE","FALSE","TRUE","2123"
"581","yd49xg1e","2007","FALSE","2",NA,NA,NA,"TRUE","TRUE","TRUE","43"
"582","yd4evx6e","2000","FALSE","1","x5eyy1n4","yzo33pzq","m0rvylrx","TRUE","TRUE","TRUE","68"
"583","yd4g2pde","2015","FALSE","1",NA,NA,NA,"TRUE","FALSE","FALSE","120"
"584","yd4jl5de","2016","FALSE","9","oy5gp5e3","p6x88ke1","19ne2jn5","TRUE","TRUE","TRUE","2346"
"585","yd4k856e","1993","FALSE","2",NA,NA,NA,"TRUE","TRUE","TRUE","374"
"586","yd4kgpp6","2020","TRUE","3","qdnqkn8k","mzn4pv6r","zr13d5n8","TRUE","TRUE","FALSE","571"
"587","yd4krrg6","2011","FALSE","4","oy5gwd2e","1e73nlz7","dnl4wzrl","TRUE","TRUE","FALSE","441"
"588","yd4lr51e","2017","TRUE","2",NA,NA,NA,"TRUE","FALSE","TRUE","173"
"589","yd4o0qw1","2018","FALSE","3",NA,NA,NA,"TRUE","TRUE","FALSE","270"
"590","yd4o0z51","2016","FALSE","9","d5ogp02w","4nelq1z2","3632vdrk","TRUE","TRUE","FALSE","3341"
"591","yd4o2jk1","2006","TRUE","9","wr2l1n7p","myzopkeq","emr5kery","TRUE","TRUE","TRUE","101"
"592","yd4o4yx1","2010","FALSE","1","m21d8l24",NA,NA,"TRUE","TRUE","TRUE","817"
"593","yd4o8n51","2017","FALSE","5","p92dkmnl","4epp3oer","0604wpnl","TRUE","TRUE","FALSE","73"
"594","yd4og51e","2000","FALSE","7",NA,"myzo3pzq","k564wnw1","TRUE","TRUE","TRUE","507"
"595","yd4okqp1","2018","FALSE","6","9rnvvrnq","5yz8oxew","93nkvz6w","TRUE","TRUE","TRUE","270"
"596","yd4oppg1","2013","TRUE","2","p92dvm2l","4zwww0zk","kr21qvne","TRUE","TRUE","FALSE","386"
"597","yd4or2x1","2017","TRUE","6","m65jk2k0","4ep8y76r","qkr2jne4","TRUE","TRUE","FALSE","3060"
"598","yd4or5w1","2013","FALSE","4",NA,NA,NA,"TRUE","FALSE","FALSE","29"
"599","yd4ovvg1","2011","FALSE","17","d1npykn7","k62d97ex","2l6mp369","TRUE","TRUE","FALSE","10000"
"600","yd4ovzg1","2004","FALSE","1","vx5e77n4",NA,NA,"TRUE","TRUE","TRUE","20"
"601","yd4xlg1e","2017","TRUE","5",NA,NA,NA,"FALSE","FALSE","TRUE","15"
"602","yd4z7k6e","2005","FALSE","2",NA,NA,NA,"TRUE","TRUE","TRUE","260"
"603","yd4zew6e","2011","FALSE","1","el28dm5r",NA,NA,"TRUE","TRUE","FALSE","34"
"604","yo1yq2dq","2000","FALSE","6",NA,"l4epyrer",NA,"TRUE","TRUE","TRUE","829"
"605","yo1yv1q5","2004","FALSE","7","61n9q2m0","l4epp3er","w4np8drl","TRUE","TRUE","TRUE","3066"
"606","yo1yv41q","2010","FALSE","2",NA,"nelvr562","80607ynl","TRUE","TRUE","TRUE","249"
"607","yo1yyr1q","2008","FALSE","6",NA,NA,NA,"TRUE","FALSE","FALSE","4420"
